Unnamed: 0,CG_RMSD,RMSD,MCQ,TM-score
normalized_3drna_rp06_1.pdb,11.026460772311554,30.498,38.46,0.263
normalized_3drna_rp06.pdb,10.387803852434114,30.585,35.85,0.182
normalized_isrna_rp06.pdb,7.192603142809645,29.998,25.71,0.282
normalized_best_rp06_12.pdb,0.7255902570798561,,,0.45
normalized_best_rp06_15.pdb,1.1550937928534597,,,0.174
normalized_ifoldrna_rp06_1.pdb,10.55205843781835,47.144,33.03,0.148
normalized_3drna_rp06_5.pdb,11.086826364954756,26.555,37.9,0.245
normalized_best_rp06_33.pdb,0.7516921806368806,,,0.338
normalized_best_rp06_2.pdb,0.7596190376638239,,,0.261
normalized_best_rp06_1.pdb,0.7288704340605577,,,0.431
normalized_trrosettarna_rp06_5.pdb,1.4043906296766535,24.708,45.99,0.289
normalized_best_rp06_3.pdb,0.7304586497906341,,,0.35
normalized_alphafold3_rp06_2.pdb,1.0544427119121789,3.128,17.83,0.829
normalized_best_rp06_16.pdb,0.819137689577808,,,0.21
normalized_3drna_rp06_4.pdb,11.025888644603754,28.153,38.89,0.273
normalized_trrosettarna_rp06_1.pdb,1.3442459520503791,19.216,39.43,0.38
normalized_best_rp06_20.pdb,0.8444770967120121,,,0.238
normalized_trrosettarna_rp06_2.pdb,1.3000407428548282,18.34,33.09,0.428
normalized_best_rp06_8.pdb,0.7342162353711342,,,0.352
normalized_rnacomposer_rp06.pdb,1.834815659787277,30.74,26.4,0.253
normalized_best_rp06_23.pdb,0.8628174243109781,,,0.222
normalized_eprna_rp06.pdb,1.910097569285421,28.905,96.8,0.182
normalized_alphafold3_rp06_1.pdb,1.0687448735284586,3.159,17.39,0.832
normalized_best_rp06_21.pdb,0.892141741456225,,,0.246
normalized_best_rp06_32.pdb,0.787645593398716,,,0.282
normalized_ifoldrna_rp06_2.pdb,10.55155827001856,46.189,32.99,0.144
normalized_3drna_rp06_3.pdb,10.999610696903073,27.281,38.34,0.287
normalized_best_rp06_13.pdb,0.7898588917632168,,,0.31
normalized_best_rp06_24.pdb,0.8088272276663449,,,0.242
normalized_best_rp06_27.pdb,0.9560044379447346,,,0.2
normalized_best_rp06_14.pdb,0.8069013380900747,,,0.29
normalized_ifoldrna_rp06_5.pdb,10.541710110495858,46.609,33.0,0.141
normalized_best_rp06_10.pdb,1.036081971989678,,,0.206
normalized_best_rp06_29.pdb,0.9261494806556836,,,0.252
normalized_rhofold_rp06.pdb,1.7752744507314044,11.354,60.03,0.415
normalized_best_rp06_34.pdb,0.7338585984672298,,,0.36
normalized_best_rp06_26.pdb,0.8276980467985389,,,0.239
normalized_alphafold3_rp06_4.pdb,1.035834237292804,3.054,17.61,0.835
normalized_best_rp06_22.pdb,0.9805559731237852,,,0.279
normalized_3drna_rp06_2.pdb,10.99216130023018,29.561,41.61,0.268
normalized_best_rp06_28.pdb,0.9493947422510234,,,0.261
normalized_alphafold3_rp06_3.pdb,1.0064774850283806,3.062,18.11,0.842
normalized_alphafold3_rp06_5.pdb,1.0354485312177375,2.891,17.54,0.851
normalized_best_rp06_25.pdb,1.039407362173562,,,0.239
normalized_best_rp06_7.pdb,0.7358852859957776,,,0.444
normalized_best_rp06_18.pdb,1.0761791353155905,,,0.165
normalized_best_rp06_9.pdb,0.981259996816778,,,0.254
normalized_trrosettarna_rp06_3.pdb,1.3406876823029228,19.443,39.32,0.383
normalized_best_rp06_19.pdb,1.0316655889463582,,,0.216
normalized_best_rp06_5.pdb,0.8152673716849166,,,0.272
normalized_best_rp06_6.pdb,0.776898369379831,,,0.281
normalized_trrosettarna_rp06_4.pdb,1.3471727386157737,19.443,35.81,0.377
normalized_ifoldrna_rp06_3.pdb,10.537399598926912,42.39,34.12,0.154
normalized_best_rp06_31.pdb,0.918348786272134,,,0.251
normalized_best_rp06_11.pdb,0.7331756778622525,,,0.353
normalized_simrna_rp06.pdb,0.7994544637244047,25.831,28.33,0.221
normalized_ifoldrna_rp06_4.pdb,10.535516327206,45.556,32.43,0.144
normalized_best_rp06_4.pdb,0.7455388010622244,,,0.304
normalized_best_rp06_30.pdb,1.1755670518764136,,,0.196
normalized_vfoldpipeline_rp06.pdb,8.968757333497475,21.548,23.7,0.335
normalized_best_rp06_17.pdb,0.8342254063460224,,,0.243
