Unnamed: 0,CG_RMSD,RMSD,MCQ,TM-score
normalized_ifoldrna_rp06_3.pdb,10.537399598926912,42.39,34.12,0.154
normalized_trrosettarna_rp06_1.pdb,1.3442459520503791,19.216,39.43,0.38
normalized_ifoldrna_rp06_1.pdb,10.55205843781835,47.144,33.03,0.148
normalized_vfoldpipeline_rp06.pdb,8.968757333497475,21.548,23.7,0.335
normalized_ifoldrna_rp06_2.pdb,10.551558270018557,46.189,32.99,0.144
normalized_trrosettarna_rp06_3.pdb,1.3406876823029228,19.443,39.32,0.383
normalized_alphafold3_rp06_1.pdb,1.0687448735284586,3.159,17.39,0.832
normalized_ifoldrna_rp06_5.pdb,10.541710110495858,46.609,33.0,0.141
normalized_3drna_rp06_1.pdb,11.026460772311554,30.498,38.46,0.263
normalized_3drna_rp06_4.pdb,11.025888644603754,28.153,38.89,0.273
normalized_rnacomposer_rp06.pdb,1.834815659787277,30.74,26.4,0.253
normalized_3drna_rp06_2.pdb,10.99216130023018,29.561,41.61,0.268
normalized_3drna_rp06_3.pdb,10.999610696903073,27.281,38.34,0.287
normalized_isrna_rp06.pdb,7.192603142809645,29.998,25.71,0.282
normalized_eprna_rp06.pdb,1.910097569285421,28.905,96.8,0.182
normalized_trrosettarna_rp06_5.pdb,1.4043906296766535,24.708,45.99,0.289
normalized_alphafold3_rp06_4.pdb,1.035834237292804,3.054,17.61,0.835
normalized_trrosettarna_rp06_4.pdb,1.3471727386157737,19.443,35.81,0.377
normalized_simrna_rp06.pdb,0.7994544637244047,25.831,28.33,0.221
normalized_trrosettarna_rp06_2.pdb,1.3000407428548284,18.34,33.09,0.428
normalized_ifoldrna_rp06_4.pdb,10.535516327206,45.556,32.43,0.144
normalized_alphafold3_rp06_5.pdb,1.0354485312177373,2.891,17.54,0.851
normalized_3drna_rp06.pdb,10.387803852434114,30.585,35.85,0.182
normalized_alphafold3_rp06_2.pdb,1.0544427119121789,3.128,17.83,0.829
normalized_alphafold3_rp06_3.pdb,1.0064774850283806,3.062,18.11,0.842
normalized_3drna_rp06_5.pdb,11.086826364954756,26.555,37.9,0.245
normalized_rhofold_rp06.pdb,1.7752744507314044,11.354,60.03,0.415
